session,trial,ppc_rate_premove,choice,rt_ms,coherence
sess01,0,7.5,0,355.2,0.128
sess01,1,7.21,0,402.6,0.032
sess01,2,8.1,0,367.1,0.032
sess01,3,10.36,1,481.8,0.256
sess01,4,6.96,0,448.6,0.032
sess01,5,10.07,1,480.3,0.032
sess01,6,7.63,0,469.2,0.032
sess01,7,7.93,0,343.4,0.128
sess01,8,7.03,0,428.7,0.064
sess01,9,7.38,0,465.0,0.032
sess01,10,10.54,1,374.2,0.256
sess01,11,7.23,0,434.8,0.256
sess01,12,8.79,1,453.8,0.128
sess01,13,6.3,0,355.7,0.128
sess01,14,5.4,0,480.7,0.0
sess01,15,5.59,0,497.7,0.128
sess01,16,6.3,0,354.0,0.064
sess01,17,6.31,0,358.1,0.512
sess01,18,8.94,1,405.8,0.0
sess01,19,7.84,1,366.8,0.256
sess01,20,10.53,1,336.9,0.256
sess01,21,8.76,0,341.5,0.0
sess01,22,9.91,1,311.1,0.032
sess01,23,7.83,1,467.6,0.064
sess01,24,9.19,1,333.4,0.256
sess01,25,7.99,0,388.8,0.0
sess01,26,6.6,0,379.8,0.256
sess01,27,8.33,1,341.7,0.256
sess01,28,10.72,1,342.6,0.0
sess01,29,11.15,1,381.7,0.064
sess01,30,5.94,0,466.6,0.032
sess01,31,6.5,0,404.4,0.256
sess01,32,9.72,1,389.8,0.128
sess01,33,10.2,1,466.3,0.064
sess01,34,5.0,0,414.7,0.064
sess01,35,7.42,0,501.9,0.256
sess01,36,10.89,1,471.8,0.128
sess01,37,7.32,0,510.7,0.0
sess01,38,6.07,0,445.8,0.128
sess01,39,7.19,0,441.4,0.256
sess01,40,10.5,1,354.5,0.0
sess01,41,10.89,1,410.3,0.512
sess01,42,7.79,0,449.3,0.512
sess01,43,8.01,0,380.1,0.0
sess01,44,9.92,1,450.0,0.0
sess01,45,4.92,0,385.4,0.128
sess01,46,6.62,0,499.8,0.032
sess01,47,5.3,0,474.7,0.512
sess01,48,9.1,1,354.9,0.256
sess01,49,8.2,0,510.7,0.064
sess01,50,8.79,1,442.8,0.256
sess01,51,5.18,0,499.3,0.512
sess01,52,5.68,0,478.9,0.064
sess01,53,7.76,1,472.9,0.0
sess01,54,7.72,0,391.9,0.512
sess01,55,5.98,0,362.5,0.256
sess01,56,6.08,0,455.0,0.0
sess01,57,10.82,1,415.9,0.0
sess01,58,8.0,1,354.6,0.512
sess01,59,10.16,1,413.1,0.064
sess01,60,11.02,1,356.6,0.128
sess01,61,10.23,1,398.8,0.032
sess01,62,9.24,1,477.7,0.064
sess01,63,8.17,1,465.4,0.0
sess02,0,5.05,0,413.2,0.0
sess02,1,5.17,0,352.7,0.0
sess02,2,7.39,1,355.5,0.064
sess02,3,7.23,1,369.2,0.032
sess02,4,7.95,1,431.8,0.128
sess02,5,9.49,1,304.4,0.032
sess02,6,9.19,1,452.4,0.032
sess02,7,7.88,1,354.4,0.256
sess02,8,7.2,0,454.9,0.064
sess02,9,8.4,0,476.7,0.064
sess02,10,8.92,1,317.1,0.256
sess02,11,7.78,0,339.0,0.032
sess02,12,8.11,0,342.1,0.256
sess02,13,9.51,1,376.1,0.512
sess02,14,11.19,1,358.4,0.064
sess02,15,5.14,0,445.3,0.128
sess02,16,10.64,1,387.5,0.032
sess02,17,6.93,0,390.5,0.032
sess02,18,8.21,1,367.5,0.032
sess02,19,8.88,1,348.8,0.032
sess02,20,7.33,1,455.3,0.512
sess02,21,4.85,0,476.9,0.0
sess02,22,7.31,1,305.5,0.064
sess02,23,10.12,1,425.6,0.0
sess02,24,8.37,0,459.3,0.128
sess02,25,6.57,0,400.6,0.128
sess02,26,10.44,1,370.7,0.512
sess02,27,9.64,1,400.0,0.128
sess02,28,5.15,0,430.3,0.032
sess02,29,8.46,1,330.7,0.256
sess02,30,7.26,0,378.3,0.0
sess02,31,5.44,0,472.1,0.064
sess02,32,5.68,0,383.7,0.256
sess02,33,5.01,0,380.0,0.032
sess02,34,10.66,1,387.7,0.128
sess02,35,10.61,1,473.1,0.128
sess02,36,10.19,1,406.7,0.128
sess02,37,8.38,0,352.0,0.256
sess02,38,5.84,0,402.2,0.128
sess02,39,6.41,0,464.9,0.256
sess02,40,8.14,0,378.6,0.256
sess02,41,7.83,0,488.9,0.512
sess02,42,9.81,1,316.4,0.256
sess02,43,7.42,0,359.4,0.0
sess02,44,8.16,1,405.1,0.512
sess02,45,5.31,0,478.5,0.0
sess02,46,10.91,1,463.5,0.032
sess02,47,6.6,0,338.5,0.256
sess02,48,7.96,1,435.0,0.032
sess02,49,10.87,1,422.2,0.256
sess02,50,8.28,0,463.3,0.128
sess02,51,6.8,0,401.1,0.128
sess02,52,5.82,0,366.9,0.064
sess02,53,6.24,0,342.4,0.128
sess02,54,7.4,1,369.3,0.512
sess02,55,5.86,0,462.8,0.512
sess02,56,5.67,0,508.9,0.0
sess02,57,10.65,1,437.9,0.512
sess02,58,9.96,1,304.2,0.0
sess02,59,10.53,1,391.3,0.064
sess02,60,11.03,1,334.3,0.064
sess02,61,8.42,0,371.2,0.064
sess02,62,6.95,0,419.6,0.256
sess02,63,7.92,0,414.1,0.064
sess02,64,8.45,1,348.9,0.0
sess02,65,10.77,1,444.5,0.0
sess02,66,7.79,0,455.4,0.512
sess02,67,5.06,0,505.9,0.128
sess02,68,8.7,0,410.6,0.064
sess03,0,5.75,0,481.1,0.512
sess03,1,11.01,1,408.8,0.064
sess03,2,8.97,1,483.9,0.512
sess03,3,4.82,0,439.1,0.064
sess03,4,4.93,0,452.9,0.064
sess03,5,6.81,0,413.2,0.128
sess03,6,10.3,1,320.4,0.032
sess03,7,8.26,0,381.3,0.128
sess03,8,7.7,0,418.4,0.256
sess03,9,9.91,1,475.5,0.0
sess03,10,7.07,0,411.9,0.0
sess03,11,10.11,1,472.4,0.0
sess03,12,6.23,0,483.5,0.064
sess03,13,6.47,0,454.0,0.064
sess03,14,9.65,1,330.5,0.064
sess03,15,9.49,1,313.7,0.256
sess03,16,8.05,0,503.4,0.512
sess03,17,7.17,0,491.8,0.256
sess03,18,5.75,0,510.6,0.512
sess03,19,7.26,1,448.3,0.0
sess03,20,8.02,1,388.0,0.256
sess03,21,8.82,1,413.9,0.512
sess03,22,9.92,1,306.2,0.256
sess03,23,7.5,0,337.8,0.512
sess03,24,5.79,0,419.6,0.512
sess03,25,10.15,1,393.2,0.128
sess03,26,6.68,0,460.4,0.0
sess03,27,9.42,1,308.6,0.512
sess03,28,9.7,1,338.5,0.032
sess03,29,9.41,1,407.9,0.032
sess03,30,7.99,0,442.8,0.256
sess03,31,6.45,0,441.0,0.128
sess03,32,6.29,0,340.1,0.128
sess03,33,8.19,1,346.8,0.128
sess03,34,8.34,0,399.2,0.256
sess03,35,5.34,0,458.7,0.256
sess03,36,8.21,1,360.7,0.128
sess03,37,7.37,1,314.9,0.256
sess03,38,6.3,0,428.7,0.512
sess03,39,7.67,1,386.4,0.128
sess03,40,5.3,0,387.1,0.0
sess03,41,8.61,1,430.9,0.512
sess03,42,9.97,1,381.9,0.512
sess03,43,9.73,1,315.3,0.128
sess03,44,8.49,1,461.6,0.064
sess03,45,7.81,1,444.8,0.256
sess03,46,8.89,1,325.8,0.128
sess03,47,5.65,0,432.5,0.032
sess03,48,4.94,0,452.2,0.256
sess03,49,6.29,0,467.2,0.064
sess03,50,9.97,1,329.3,0.512
sess03,51,7.27,1,426.5,0.032
sess03,52,9.86,1,417.5,0.064
sess03,53,8.21,1,427.0,0.064
sess03,54,6.96,0,421.1,0.256
sess03,55,5.66,0,504.8,0.512
sess03,56,8.1,1,344.6,0.256
sess03,57,10.11,1,368.8,0.064
sess03,58,8.35,1,375.1,0.032
sess03,59,8.62,1,351.6,0.128
sess03,60,9.98,1,314.2,0.064
sess04,0,10.9,1,311.1,0.0
sess04,1,8.61,1,447.1,0.512
sess04,2,7.22,1,457.2,0.032
sess04,3,8.24,0,356.7,0.064
sess04,4,10.67,1,406.4,0.0
sess04,5,8.15,0,492.0,0.128
sess04,6,10.26,1,322.8,0.256
sess04,7,6.19,0,357.2,0.064
sess04,8,8.33,0,360.9,0.512
sess04,9,5.83,0,365.5,0.064
sess04,10,5.97,0,494.5,0.064
sess04,11,7.6,1,390.1,0.064
sess04,12,10.16,1,341.8,0.512
sess04,13,10.5,1,310.2,0.032
sess04,14,8.59,1,337.1,0.0
sess04,15,6.48,0,337.3,0.0
sess04,16,7.83,1,470.6,0.032
sess04,17,6.44,0,488.4,0.064
sess04,18,7.12,0,495.3,0.0
sess04,19,8.09,1,434.6,0.128
sess04,20,7.54,0,422.0,0.256
sess04,21,6.55,0,401.8,0.064
sess04,22,6.4,0,352.9,0.256
sess04,23,8.42,0,378.6,0.0
sess04,24,7.06,0,423.8,0.512
sess04,25,7.78,0,359.1,0.128
sess04,26,10.64,1,400.7,0.128
sess04,27,5.68,0,354.6,0.128
sess04,28,7.3,0,404.5,0.512
sess04,29,6.68,0,483.3,0.256
sess04,30,9.31,1,471.4,0.256
sess04,31,7.81,1,344.3,0.064
sess04,32,5.35,0,472.2,0.0
sess04,33,10.88,1,419.2,0.032
sess04,34,8.61,1,367.6,0.128
sess04,35,7.99,0,372.6,0.032
sess04,36,10.03,1,442.7,0.0
sess04,37,8.96,1,428.9,0.0
sess04,38,7.02,0,449.2,0.512
sess04,39,5.74,0,467.8,0.512
sess04,40,5.33,0,426.9,0.128
sess04,41,6.02,0,399.6,0.0
sess04,42,6.75,0,460.9,0.512
sess04,43,6.37,0,508.6,0.032
sess04,44,5.97,0,398.0,0.128
sess04,45,7.12,0,450.8,0.032
sess04,46,9.29,1,479.3,0.512
sess04,47,10.95,1,460.1,0.512
sess04,48,4.87,0,399.3,0.128
sess04,49,4.8,0,441.7,0.032
sess04,50,10.87,1,441.2,0.256
sess04,51,7.79,1,420.8,0.064
sess04,52,8.66,0,451.5,0.0
sess04,53,8.18,0,451.0,0.128
sess04,54,9.98,1,410.3,0.256
sess04,55,7.89,0,350.3,0.512
sess04,56,9.15,1,440.5,0.0
sess05,0,7.2,1,373.7,0.0
sess05,1,9.63,1,389.4,0.128
sess05,2,10.78,1,324.6,0.128
sess05,3,7.38,1,304.8,0.512
sess05,4,7.32,1,341.3,0.0
sess05,5,10.99,1,343.3,0.032
sess05,6,7.85,1,325.8,0.0
sess05,7,4.92,0,481.5,0.128
sess05,8,7.2,0,467.2,0.0
sess05,9,5.27,0,360.3,0.512
sess05,10,7.44,0,388.5,0.0
sess05,11,10.34,1,417.2,0.256
sess05,12,6.75,0,388.5,0.064
sess05,13,8.64,1,316.2,0.064
sess05,14,5.81,0,363.5,0.0
sess05,15,6.06,0,467.4,0.0
sess05,16,10.13,1,452.8,0.032
sess05,17,7.32,1,379.6,0.032
sess05,18,8.23,1,350.7,0.064
sess05,19,10.91,1,371.2,0.256
sess05,20,7.32,1,435.7,0.128
sess05,21,8.73,0,341.6,0.0
sess05,22,10.53,1,317.0,0.032
sess05,23,9.63,1,429.0,0.064
sess05,24,7.57,1,438.5,0.032
sess05,25,8.5,0,345.2,0.128
sess05,26,8.56,1,453.2,0.256
sess05,27,8.77,1,407.8,0.256
sess05,28,4.9,0,485.5,0.064
sess05,29,8.06,0,482.5,0.032
sess05,30,10.11,1,380.3,0.032
sess05,31,10.18,1,398.5,0.032
sess05,32,10.05,1,309.2,0.256
sess05,33,8.09,1,433.0,0.512
sess05,34,10.8,1,354.2,0.256
sess05,35,8.53,0,434.0,0.128
sess05,36,7.92,1,368.6,0.064
sess05,37,7.63,0,352.1,0.128
sess05,38,7.61,1,343.8,0.064
sess05,39,6.42,0,338.1,0.0
sess05,40,8.7,0,457.8,0.064
sess05,41,7.96,1,317.5,0.032
sess05,42,8.34,1,368.2,0.512
sess05,43,7.83,1,403.3,0.032
sess05,44,9.37,1,404.2,0.256
sess05,45,6.17,0,426.0,0.512
sess05,46,6.7,0,506.4,0.256
sess05,47,7.66,1,468.4,0.256
sess05,48,7.2,0,365.6,0.0
sess05,49,10.95,1,439.4,0.256
sess05,50,5.49,0,386.4,0.032
sess05,51,9.23,1,455.8,0.032
sess05,52,6.84,0,359.9,0.256
sess05,53,5.81,0,454.1,0.032
sess05,54,10.0,1,403.1,0.256
sess05,55,5.76,0,508.7,0.256
sess05,56,7.43,0,414.5,0.128
sess05,57,6.48,0,398.1,0.256
sess05,58,9.58,1,435.9,0.064
sess05,59,5.89,0,449.5,0.032
sess05,60,10.5,1,351.7,0.512
sess05,61,10.47,1,328.9,0.512
sess05,62,8.7,0,417.6,0.128
sess05,63,8.77,0,488.4,0.0
sess05,64,7.04,0,498.6,0.0
sess05,65,8.93,1,379.0,0.256
sess05,66,8.49,0,492.6,0.032
sess05,67,7.16,0,353.3,0.256
sess05,68,9.46,1,411.9,0.512
sess06,0,6.78,0,463.1,0.256
sess06,1,9.37,1,462.3,0.032
sess06,2,5.76,0,436.4,0.032
sess06,3,6.58,0,470.1,0.032
sess06,4,9.2,1,317.3,0.0
sess06,5,8.46,1,471.8,0.256
sess06,6,6.36,0,438.5,0.256
sess06,7,5.8,0,384.2,0.128
sess06,8,8.18,1,335.8,0.512
sess06,9,5.51,0,498.6,0.256
sess06,10,7.9,0,417.5,0.0
sess06,11,6.46,0,445.7,0.128
sess06,12,5.19,0,400.6,0.512
sess06,13,5.43,0,415.2,0.064
sess06,14,9.72,1,415.2,0.512
sess06,15,8.01,0,476.3,0.256
sess06,16,10.68,1,383.3,0.032
sess06,17,5.52,0,472.2,0.512
sess06,18,7.42,1,418.5,0.064
sess06,19,9.71,1,311.6,0.0
sess06,20,7.52,0,352.1,0.512
sess06,21,8.63,0,338.3,0.0
sess06,22,10.82,1,415.1,0.128
sess06,23,6.04,0,389.0,0.064
sess06,24,10.52,1,339.9,0.256
sess06,25,10.6,1,427.1,0.512
sess06,26,7.41,0,440.9,0.128
sess06,27,8.68,1,382.8,0.032
sess06,28,7.54,0,383.4,0.032
sess06,29,10.19,1,473.5,0.064
sess06,30,8.28,1,455.4,0.032
sess06,31,5.96,0,471.8,0.128
sess06,32,9.38,1,438.9,0.128
sess06,33,8.58,0,340.3,0.064
sess06,34,7.62,1,369.2,0.512
sess06,35,6.39,0,386.9,0.256
sess06,36,6.89,0,421.3,0.032
sess06,37,4.89,0,446.3,0.512
sess06,38,7.8,0,363.8,0.256
sess06,39,10.14,1,338.5,0.064
sess06,40,6.44,0,512.3,0.512
sess06,41,7.61,0,373.6,0.0
sess06,42,10.9,1,418.7,0.032
sess06,43,10.94,1,332.3,0.128
sess06,44,9.46,1,467.3,0.512
sess06,45,7.8,0,426.9,0.064
sess06,46,8.57,1,307.1,0.512
sess06,47,7.61,1,436.3,0.256
sess06,48,10.33,1,371.1,0.064
sess06,49,8.09,0,473.6,0.512
sess06,50,9.56,1,423.5,0.0
sess06,51,7.51,0,468.7,0.512
sess06,52,7.86,1,365.7,0.512
sess06,53,8.65,1,338.6,0.0
sess06,54,7.22,1,390.9,0.032
sess06,55,8.49,1,413.1,0.032
sess06,56,8.79,0,337.3,0.512
sess06,57,6.68,0,392.0,0.032
sess06,58,6.99,0,388.7,0.256
sess06,59,10.34,1,446.2,0.0
sess06,60,9.72,1,331.9,0.128
sess06,61,7.88,0,397.2,0.0
sess06,62,7.5,0,371.8,0.512
sess06,63,7.95,0,357.4,0.512
sess06,64,8.59,1,403.4,0.0
sess06,65,8.36,1,405.3,0.064
sess06,66,8.05,1,478.4,0.032
sess07,0,7.91,1,434.9,0.256
sess07,1,6.05,0,337.2,0.0
sess07,2,7.64,0,378.0,0.512
sess07,3,6.43,0,460.0,0.032
sess07,4,7.53,0,484.3,0.032
sess07,5,5.89,0,406.2,0.032
sess07,6,6.1,0,508.7,0.512
sess07,7,10.11,1,403.8,0.0
sess07,8,8.23,0,444.1,0.128
sess07,9,6.29,0,502.3,0.128
sess07,10,7.82,1,307.1,0.256
sess07,11,10.96,1,354.7,0.064
sess07,12,8.01,0,421.2,0.0
sess07,13,7.31,1,317.0,0.256
sess07,14,6.81,0,477.0,0.512
sess07,15,5.62,0,498.3,0.256
sess07,16,10.7,1,438.6,0.064
sess07,17,9.18,1,466.8,0.256
sess07,18,9.69,1,386.9,0.032
sess07,19,8.11,1,482.6,0.128
sess07,20,7.48,1,392.7,0.512
sess07,21,8.26,1,479.3,0.032
sess07,22,5.15,0,507.4,0.256
sess07,23,7.29,0,435.1,0.512
sess07,24,8.72,1,378.9,0.0
sess07,25,6.5,0,370.2,0.0
sess07,26,7.83,1,437.0,0.128
sess07,27,8.36,1,460.3,0.0
sess07,28,5.52,0,468.8,0.0
sess07,29,4.95,0,461.2,0.512
sess07,30,5.47,0,471.2,0.512
sess07,31,8.0,0,409.4,0.128
sess07,32,7.21,0,348.4,0.128
sess07,33,9.23,1,437.3,0.064
sess07,34,8.37,0,380.3,0.032
sess07,35,7.79,0,457.5,0.032
sess07,36,10.85,1,354.8,0.256
sess07,37,8.71,0,436.4,0.064
sess07,38,8.51,0,458.9,0.0
sess07,39,7.8,1,321.5,0.512
sess07,40,8.31,0,406.3,0.032
sess07,41,7.52,0,378.5,0.512
sess07,42,7.43,1,411.2,0.256
sess07,43,10.42,1,465.3,0.032
sess07,44,5.4,0,411.4,0.512
sess07,45,6.09,0,443.8,0.0
sess07,46,9.77,1,388.6,0.064
sess07,47,7.52,0,509.4,0.064
sess07,48,9.72,1,354.8,0.128
sess07,49,6.67,0,349.5,0.032
sess07,50,8.71,0,447.4,0.0
sess07,51,5.88,0,468.3,0.0
sess07,52,10.64,1,422.6,0.128
sess07,53,8.39,0,439.9,0.512
sess07,54,9.93,1,313.8,0.128
sess07,55,8.76,0,348.2,0.032
sess07,56,8.71,1,459.8,0.0
sess07,57,11.19,1,371.4,0.0
sess07,58,7.47,1,370.0,0.512
sess07,59,9.35,1,324.3,0.064
sess07,60,7.63,1,435.9,0.032
sess07,61,7.7,1,478.3,0.256
sess07,62,6.84,0,443.2,0.512
sess08,0,5.57,0,412.9,0.512
sess08,1,9.12,1,453.6,0.032
sess08,2,11.08,1,444.2,0.032
sess08,3,7.63,1,401.2,0.0
sess08,4,9.88,1,330.9,0.128
sess08,5,7.16,0,458.0,0.128
sess08,6,8.67,0,341.1,0.128
sess08,7,9.09,1,321.2,0.032
sess08,8,8.14,0,450.1,0.256
sess08,9,7.53,0,457.9,0.256
sess08,10,8.86,1,458.9,0.064
sess08,11,8.53,1,389.1,0.0
sess08,12,7.86,0,444.7,0.064
sess08,13,8.78,1,341.9,0.256
sess08,14,6.76,0,418.9,0.064
sess08,15,8.33,1,337.6,0.512
sess08,16,8.06,1,448.4,0.128
sess08,17,5.81,0,430.0,0.128
sess08,18,8.73,0,376.4,0.032
sess08,19,10.17,1,449.0,0.064
sess08,20,6.71,0,402.6,0.256
sess08,21,6.96,0,353.7,0.064
sess08,22,7.86,1,327.6,0.032
sess08,23,10.56,1,362.7,0.512
sess08,24,8.29,1,343.4,0.064
sess08,25,7.94,1,310.9,0.128
sess08,26,9.86,1,325.2,0.032
sess08,27,8.28,1,402.4,0.064
sess08,28,7.22,0,409.2,0.256
sess08,29,7.31,0,414.2,0.064
sess08,30,8.59,1,386.4,0.128
sess08,31,5.53,0,416.1,0.0
sess08,32,9.83,1,396.4,0.032
sess08,33,9.97,1,437.6,0.256
sess08,34,7.9,1,327.7,0.128
sess08,35,5.02,0,434.9,0.128
sess08,36,7.43,0,338.6,0.256
sess08,37,6.71,0,364.4,0.064
sess08,38,5.22,0,372.7,0.512
sess08,39,7.05,0,393.1,0.128
sess08,40,10.2,1,422.5,0.512
sess08,41,8.05,1,482.8,0.512
sess08,42,8.57,0,371.9,0.064
sess08,43,6.64,0,427.5,0.128
sess08,44,8.3,0,487.0,0.256
sess08,45,5.36,0,345.1,0.128
sess08,46,8.11,1,389.6,0.256
sess08,47,9.01,1,405.0,0.032
sess08,48,7.37,0,510.9,0.256
sess08,49,8.78,1,483.3,0.256
sess08,50,7.64,1,411.9,0.512
sess08,51,5.08,0,509.6,0.512
sess08,52,8.03,1,460.4,0.032
sess08,53,8.29,0,468.8,0.128
sess08,54,8.09,1,434.0,0.064
sess08,55,6.97,0,450.8,0.032
sess08,56,7.78,1,324.5,0.0
sess08,57,5.23,0,479.6,0.064
sess08,58,9.4,1,475.7,0.128
sess08,59,9.93,1,358.2,0.256
sess08,60,6.11,0,414.7,0.0
sess08,61,5.41,0,460.1,0.032
sess08,62,8.46,1,436.9,0.032
sess08,63,7.78,0,489.6,0.032
sess09,0,7.56,1,386.0,0.256
sess09,1,5.96,0,404.7,0.064
sess09,2,8.11,1,466.7,0.256
sess09,3,7.78,0,470.2,0.128
sess09,4,8.08,1,405.9,0.256
sess09,5,8.07,1,373.4,0.256
sess09,6,7.44,0,489.1,0.064
sess09,7,6.22,0,392.6,0.128
sess09,8,8.19,1,338.9,0.128
sess09,9,8.03,1,407.0,0.512
sess09,10,7.73,0,430.7,0.0
sess09,11,6.27,0,359.0,0.032
sess09,12,5.75,0,446.1,0.128
sess09,13,6.73,0,454.2,0.032
sess09,14,8.68,0,383.5,0.032
sess09,15,5.36,0,371.0,0.512
sess09,16,5.92,0,414.3,0.032
sess09,17,5.32,0,455.4,0.128
sess09,18,7.67,1,336.3,0.032
sess09,19,7.54,1,353.2,0.064
sess09,20,10.62,1,393.2,0.512
sess09,21,6.73,0,480.3,0.032
sess09,22,6.77,0,343.1,0.0
sess09,23,4.96,0,470.0,0.128
sess09,24,8.09,1,432.9,0.128
sess09,25,6.72,0,397.8,0.256
sess09,26,8.73,1,329.7,0.0
sess09,27,9.81,1,391.8,0.064
sess09,28,7.92,0,513.9,0.256
sess09,29,5.04,0,424.9,0.032
sess09,30,6.39,0,370.3,0.256
sess09,31,10.16,1,440.0,0.256
sess09,32,9.02,1,311.8,0.0
sess09,33,6.89,0,384.8,0.032
sess09,34,8.26,0,365.5,0.512
sess09,35,7.5,0,344.5,0.064
sess09,36,7.45,1,363.5,0.128
sess09,37,10.83,1,371.7,0.064
sess09,38,5.58,0,371.8,0.128
sess09,39,10.24,1,481.6,0.128
sess09,40,7.6,0,496.4,0.128
sess09,41,8.67,1,317.1,0.256
sess09,42,8.22,1,386.8,0.256
sess09,43,9.59,1,339.1,0.0
sess09,44,7.6,1,345.6,0.256
sess09,45,9.41,1,314.6,0.064
sess09,46,7.77,0,338.9,0.128
sess09,47,9.08,1,333.9,0.064
sess09,48,7.3,1,340.3,0.032
sess09,49,8.69,0,397.9,0.512
sess09,50,9.5,1,432.8,0.0
sess09,51,7.64,0,361.8,0.512
sess09,52,9.72,1,460.1,0.256
sess09,53,8.7,1,326.0,0.128
sess09,54,8.16,1,315.0,0.256
sess09,55,7.53,1,482.5,0.032
sess09,56,10.57,1,373.7,0.512
sess09,57,7.72,1,420.8,0.256
sess09,58,5.59,0,351.3,0.0
sess09,59,7.79,1,317.5,0.128
sess09,60,7.74,0,495.4,0.512
sess09,61,7.17,0,356.6,0.512
sess09,62,8.13,1,344.2,0.256
sess09,63,9.8,1,327.2,0.0
sess09,64,10.82,1,363.1,0.256
sess09,65,6.74,0,429.7,0.0
sess09,66,10.57,1,338.4,0.128
sess10,0,7.75,1,403.4,0.064
sess10,1,8.8,1,333.1,0.512
sess10,2,7.01,0,507.5,0.256
sess10,3,10.64,1,431.6,0.512
sess10,4,5.65,0,508.2,0.064
sess10,5,6.3,0,488.4,0.128
sess10,6,9.04,1,317.2,0.064
sess10,7,7.7,1,471.0,0.128
sess10,8,9.02,1,316.8,0.064
sess10,9,11.18,1,327.7,0.032
sess10,10,8.5,0,463.6,0.064
sess10,11,10.38,1,463.4,0.064
sess10,12,8.17,0,487.5,0.256
sess10,13,8.58,1,422.1,0.032
sess10,14,10.96,1,466.3,0.128
sess10,15,8.99,1,325.0,0.128
sess10,16,5.23,0,471.5,0.0
sess10,17,7.7,0,460.4,0.512
sess10,18,7.54,0,501.8,0.0
sess10,19,8.5,1,389.0,0.128
sess10,20,7.19,0,372.1,0.128
sess10,21,6.9,0,428.4,0.512
sess10,22,8.79,1,418.2,0.128
sess10,23,5.55,0,425.6,0.032
sess10,24,5.43,0,492.4,0.256
sess10,25,7.63,1,444.5,0.512
sess10,26,5.82,0,495.3,0.128
sess10,27,5.65,0,481.3,0.128
sess10,28,4.85,0,354.6,0.0
sess10,29,9.88,1,467.1,0.032
sess10,30,5.76,0,491.6,0.064
sess10,31,10.58,1,386.3,0.064
sess10,32,9.71,1,355.5,0.032
sess10,33,7.73,1,382.2,0.128
sess10,34,4.91,0,424.3,0.128
sess10,35,9.96,1,362.2,0.128
sess10,36,9.6,1,342.2,0.512
sess10,37,4.82,0,410.7,0.064
sess10,38,10.59,1,444.1,0.032
sess10,39,6.33,0,421.3,0.128
sess10,40,6.86,0,419.4,0.064
sess10,41,5.85,0,476.4,0.064
sess10,42,8.66,1,343.6,0.064
sess10,43,6.63,0,434.4,0.064
sess10,44,10.54,1,445.1,0.256
sess10,45,5.7,0,464.7,0.064
sess10,46,9.44,1,332.1,0.128
sess10,47,5.75,0,357.8,0.0
sess10,48,10.31,1,385.9,0.256
sess10,49,8.9,1,310.9,0.064
sess10,50,9.59,1,331.2,0.256
sess10,51,9.95,1,321.3,0.032
sess10,52,5.48,0,456.5,0.0
sess10,53,9.15,1,407.2,0.128
sess10,54,9.99,1,370.7,0.256
sess10,55,6.05,0,347.7,0.0
sess10,56,8.59,1,467.4,0.032
sess10,57,7.24,1,398.5,0.032
sess10,58,4.89,0,507.7,0.256
sess10,59,7.26,1,427.6,0.064
sess10,60,7.26,1,360.2,0.256
sess10,61,6.51,0,489.6,0.128
sess10,62,9.36,1,374.3,0.512
sess10,63,11.13,1,315.9,0.032
sess10,64,5.31,0,347.2,0.512
sess10,65,8.36,0,452.8,0.064
sess11,0,10.77,1,419.9,0.032
sess11,1,7.7,1,434.0,0.128
sess11,2,10.2,1,388.4,0.032
sess11,3,6.84,0,357.4,0.512
sess11,4,7.91,0,476.3,0.256
sess11,5,8.72,0,370.1,0.512
sess11,6,10.21,1,388.1,0.064
sess11,7,8.45,0,346.1,0.0
sess11,8,8.11,0,442.0,0.256
sess11,9,8.45,1,464.9,0.064
sess11,10,9.66,1,458.3,0.512
sess11,11,7.17,0,401.1,0.032
sess11,12,7.53,0,339.2,0.128
sess11,13,10.21,1,468.4,0.0
sess11,14,8.84,1,320.4,0.128
sess11,15,8.45,0,512.3,0.064
sess11,16,8.03,1,393.0,0.032
sess11,17,5.77,0,340.8,0.128
sess11,18,5.33,0,343.2,0.256
sess11,19,8.18,1,392.6,0.064
sess11,20,10.64,1,448.6,0.512
sess11,21,6.5,0,442.1,0.512
sess11,22,5.02,0,492.9,0.032
sess11,23,8.56,1,483.2,0.128
sess11,24,7.52,1,477.3,0.256
sess11,25,4.83,0,409.2,0.0
sess11,26,7.68,1,470.1,0.256
sess11,27,10.02,1,479.4,0.032
sess11,28,9.8,1,321.5,0.256
sess11,29,5.35,0,446.1,0.256
sess11,30,6.01,0,439.5,0.256
sess11,31,8.71,0,368.0,0.512
sess11,32,5.14,0,392.5,0.0
sess11,33,7.94,0,432.7,0.512
sess11,34,8.77,0,359.5,0.0
sess11,35,6.01,0,424.7,0.064
sess11,36,8.76,0,440.0,0.032
sess11,37,5.26,0,442.8,0.0
sess11,38,6.25,0,459.4,0.0
sess11,39,10.01,1,451.5,0.0
sess11,40,6.61,0,441.5,0.128
sess11,41,10.62,1,329.3,0.032
sess11,42,7.82,0,337.2,0.032
sess11,43,9.04,1,474.7,0.064
sess11,44,6.43,0,451.8,0.256
sess11,45,7.52,0,401.9,0.032
sess11,46,7.36,1,377.0,0.128
sess11,47,9.15,1,381.8,0.064
sess11,48,7.25,1,400.7,0.512
sess11,49,7.14,0,364.4,0.128
sess11,50,7.23,1,414.4,0.064
sess11,51,7.6,0,419.3,0.064
sess11,52,4.91,0,410.1,0.032
sess11,53,5.82,0,512.5,0.128
sess11,54,7.73,0,454.2,0.128
sess11,55,6.39,0,470.2,0.032
sess11,56,7.94,1,419.9,0.032
sess11,57,8.96,1,438.9,0.064
sess12,0,10.13,1,391.7,0.128
sess12,1,8.7,1,408.8,0.032
sess12,2,10.07,1,314.4,0.0
sess12,3,7.62,0,420.6,0.128
sess12,4,5.12,0,378.2,0.512
sess12,5,10.04,1,375.5,0.032
sess12,6,7.6,1,471.3,0.256
sess12,7,8.37,1,373.7,0.256
sess12,8,8.25,0,386.7,0.064
sess12,9,8.18,1,483.3,0.0
sess12,10,5.26,0,445.4,0.032
sess12,11,7.32,1,384.0,0.128
sess12,12,7.33,1,434.6,0.256
sess12,13,6.76,0,360.1,0.032
sess12,14,8.09,0,453.8,0.064
sess12,15,8.75,1,399.7,0.256
sess12,16,8.09,1,427.5,0.512
sess12,17,8.19,0,413.7,0.256
sess12,18,8.32,0,487.0,0.128
sess12,19,9.84,1,410.6,0.0
sess12,20,9.58,1,426.0,0.032
sess12,21,9.1,1,438.8,0.128
sess12,22,6.56,0,428.8,0.512
sess12,23,10.59,1,483.6,0.256
sess12,24,10.19,1,481.7,0.512
sess12,25,5.51,0,437.1,0.0
sess12,26,7.21,1,483.6,0.064
sess12,27,6.89,0,502.0,0.128
sess12,28,7.06,0,344.6,0.064
sess12,29,8.28,1,364.4,0.032
sess12,30,6.02,0,503.8,0.512
sess12,31,10.04,1,433.1,0.512
sess12,32,5.19,0,482.5,0.256
sess12,33,9.02,1,466.4,0.0
sess12,34,5.57,0,457.5,0.512
sess12,35,7.84,0,387.6,0.256
sess12,36,9.01,1,328.8,0.512
sess12,37,9.99,1,454.0,0.0
sess12,38,9.16,1,423.9,0.512
sess12,39,5.7,0,419.4,0.512
sess12,40,7.39,0,361.3,0.032
sess12,41,7.63,1,450.6,0.128
sess12,42,10.72,1,448.9,0.128
sess12,43,10.14,1,372.6,0.512
sess12,44,6.79,0,442.6,0.128
sess12,45,10.41,1,308.2,0.0
sess12,46,7.92,0,484.4,0.0
sess12,47,10.67,1,457.7,0.0
sess12,48,9.15,1,355.1,0.032
sess12,49,10.36,1,394.3,0.064
sess12,50,5.65,0,455.9,0.0
sess12,51,4.92,0,470.3,0.256
sess12,52,7.39,0,408.2,0.512
sess12,53,8.17,0,431.7,0.512
sess12,54,9.94,1,458.1,0.064
sess12,55,8.52,1,367.3,0.032
sess12,56,8.92,1,466.8,0.256
sess12,57,8.69,1,306.0,0.128
sess12,58,5.04,0,494.3,0.032
sess12,59,8.99,1,441.7,0.064
sess12,60,7.11,0,497.5,0.128
sess12,61,8.41,1,453.0,0.128
sess12,62,6.53,0,435.9,0.128
sess12,63,6.88,0,382.9,0.064
sess12,64,4.83,0,337.2,0.256
sess12,65,8.58,0,378.2,0.256
sess12,66,4.82,0,410.0,0.128
